{"cameraMode":{"drawMode":0,"name":"Shaded","section":"Shading Mode"},"sceneLighting":true,"audioPlay":false,"sceneViewState":{"showFog":true,"showMaterialUpdate":false,"showSkybox":true,"showFlares":true,"showImageEffects":true,"showParticleSystems":true},"in2DMode":false,"pivot":{"x":12.0,"y":1.2272000312805176,"z":-1.2248278856277466},"rotation":{"x":0.33718958497047427,"y":-0.14048056304454804,"z":0.05096130445599556,"w":0.9295018911361694},"size":0.8324669599533081,"orthographic":false}